Application Status,Merit Score,Domicile,Gender,Province,Admission Test,Admission Test 2,SSC,TerminalDegree,Optional Subject 1,Optional Subject 2,Optional Subject 3,Optional Subject 4,Optional Subject 5,Document Verified,English Marks,Offered,Offered1
Application Received,908.813,OPEN,male,Baluchistan,0,0,594,702,0,0,0,0,0,0,0,0,No
Application Fee Received,678,OPEN,male,FATA,0,0,759,633,97,116,47,81,30,1,0,0,No
Application Fee Received,763,Bahawalpur,male,Punjab,48,0,866,720,147,42,33,138,101,0,0,0,No
Application Fee Received,719,Bahawalpur,male,Punjab,52,0,672,672,127,107,143,85,45,0,0,0,No
Application Fee Received,1025,Bahawalpur,female,Punjab,71,71,867,966,156,184,184,184,0,0,0,0,No
Application Fee Received,972,Bahawalpur,male,Punjab,87,87,932,962,173,42,48,184,179,1,0,0,No
Application Fee Received,539,Bahawalpur,male,Punjab,40,0,482,509,69,86,93,34,0,0,0,0,No
Application Fee Received,863,Bahawalpur,male,Punjab,50,41,763,818,131,148,164,157,42,0,0,0,No
Application Fee Received,618,Bahawalpur,male,Punjab,44,0,677,579,77,43,89,95,107,0,0,0,No
Application Fee Received,678,Bahawalpur,male,Punjab,52,0,686,631,93,93,99,132,42,0,0,0,No
Admission Fee Challan Received,628,Bahawalpur,female,Punjab,50,0,521,588,81,102,106,46,84,1,0,1,Yes
Application Fee Received,643,Bahawalpur,male,Punjab,47,0,727,601,132,119,78,71,39,0,0,0,No
Admission Fee Challan Received,965,Bahawalpur,male,Punjab,67,0,862,903,161,179,146,45,0,1,0,1,Yes
Admission Fee Challan Received,843,Bahawalpur,male,Punjab,43,0,889,805,0,0,0,0,0,1,0,1,Yes
Application Fee Received,692,Bahawalpur,male,Punjab,44,0,741,653,108,113,106,40,101,0,0,0,No
Application Fee Received,650,Bahawalpur,male,Punjab,54,0,778,601,71,111,98,42,111,0,0,0,No
Admission Fee Challan Received,983,Bahawalpur,male,Punjab,66,0,861,922,177,155,154,181,46,1,0,1,Yes
Admission Fee Challan Received,609,Bahawalpur,male,Punjab,53,0,557,561,117,27,35,103,96,1,0,1,Yes
Admission Fee Challan Received,691,Bahawalpur,female,Punjab,41,0,779,655,118,80,135,85,95,1,0,1,Yes
Application Fee Received,726,Bahawalpur,male,Punjab,62,0,794,674,166,106,118,0,41,0,0,0,No
Admission Fee Challan Received,819,Bahawalpur,male,Punjab,50,0,724,774,147,153,114,45,135,1,0,1,Yes
Challan Printed,767,Bahawalpur,female,Punjab,51,0,769,721,126,121,137,41,129,0,0,0,No
Challan Printed,871,Bahawalpur,female,Punjab,50,0,827,826,128,42,43,152,159,0,0,0,No
Application Fee Received,825,Bahawalpur,female,Punjab,46,0,723,784,144,40,45,144,138,0,0,0,No
Admission Fee Challan Received,779,Bahawalpur,female,Punjab,56,0,749,728,115,46,126,126,142,1,0,1,Yes
Application Fee Received,624,Bahawalpur,male,Punjab,39,0,812,590,98,87,58,0,119,0,0,0,No
Admission Fee Challan Received,857,Bahawalpur,male,Punjab,58,0,815,809,144,143,47,157,39,1,0,1,Yes
Application Fee Received,601,Bahawalpur,male,Punjab,46,0,853,570,73,113,78,129,44,1,0,0,No
Application Fee Received,669,Bahawalpur,male,Punjab,52,0,694,622,95,172,84,78,39,1,0,0,No
Application Fee Received,595,Bahawalpur,male,Punjab,50,0,770,550,82,100,78,32,111,0,0,0,No
Admission Fee Challan Received,709,Bahawalpur,male,Punjab,50,0,825,664,79,151,103,42,112,1,0,1,Yes
Application Fee Received,626,Bahawalpur,male,Punjab,44,0,732,587,89,109,86,37,106,0,0,0,No
Application Fee Received,631,Bahawalpur,male,Punjab,67,0,651,574,105,74,104,93,0,0,0,0,No
Application Fee Received,700,Bahawalpur,female,Punjab,52,0,736,658,102,88,129,0,116,0,0,0,No
Challan Printed,653,Bahawalpur,male,Punjab,48,0,650,610,99,0,0,0,0,0,0,0,No
Application Fee Received,688,Bahawalpur,male,Punjab,45,0,620,648,90,102,106,129,43,1,0,1,Yes
Admission Fee Challan Received,846,Bahawalpur,male,Punjab,65,0,832,786,150,156,139,43,131,1,0,1,Yes
Admission Fee Challan Received,870,Bahawalpur,male,Punjab,60,0,847,815,144,165,40,134,154,1,0,1,Yes
Application Fee Received,833,Bahawalpur,female,Punjab,35,0,809,803,134,46,155,147,161,0,0,0,No
Admission Fee Challan Received,784,Bahawalpur,male,Punjab,49,0,812,740,136,159,123,40,116,1,0,1,Yes
Application Fee Received,617,Bahawalpur,female,Punjab,42,0,727,580,107,74,106,75,46,0,0,0,No
Application Fee Received,777,Bahawalpur,male,Punjab,43,0,805,739,139,129,114,0,127,0,0,0,No
Application Fee Received,681,Bahawalpur,female,Punjab,60,0,812,626,114,111,38,105,39,0,0,0,No
Admission Fee Challan Received,790,Bahawalpur,female,Punjab,53,0,791,742,141,122,126,152,36,1,0,1,Yes
Application Fee Received,837,Bahawalpur,female,Punjab,53,0,876,789,160,43,43,139,127,1,0,1,Yes
Admission Fee Challan Received,895,Bahawalpur,male,Punjab,64,0,840,836,162,154,150,43,144,1,0,1,Yes
Application Fee Received,683,Bahawalpur,male,Punjab,42,0,826,646,102,118,138,38,107,1,0,1,Yes
Admission Fee Challan Received,762,Bahawalpur,male,Punjab,44,0,929,723,162,101,127,106,82,1,0,1,Yes
Admission Fee Challan Received,1042,Bahawalpur,female,Punjab,72,0,916,975,0,0,0,0,0,1,0,1,Yes
Application Fee Received,655,Bahawalpur,male,Punjab,51,0,706,609,104,101,99,98,43,1,0,1,Yes
Challan Printed,757,Bahawalpur,male,Punjab,51,0,881,711,143,128,137,0,112,0,0,0,No
Application Fee Received,666,Bahawalpur,female,Punjab,0,0,548,671,100,117,135,87,0,0,0,0,No
Application Received,874,Bahawalpur,male,Punjab,57,0,871,822,113,161,44,155,43,0,0,0,No
Application Fee Received,1022,Bahawalpur,male,Punjab,72,72,894,973,182,194,180,0,0,1,0,1,Yes
Application Fee Received,1018,Bahawalpur,female,Punjab,62,0,913,961,166,185,177,0,0,1,0,1,Yes
Application Fee Received,756,OPEN,male,Punjab,54,0,630,707,0,0,0,0,0,0,0,0,No
Admission Fee Challan Received,782,Bahawalpur,male,Punjab,60,0,836,727,115,42,123,141,141,1,0,1,Yes
Application Fee Received,921,Bahawalpur,female,Punjab,58,53,635,868,156,157,169,157,0,0,0,0,No
Application Received,845.304,Bahawalpur,male,Punjab,48,0,672,807,88,80,65,45,73,0,0,0,No
Application Fee Received,898,Bahawalpur,female,Punjab,54,0,910,859,150,47,174,153,147,0,0,0,No
Application Fee Received,825,Bahawalpur,male,Punjab,52,0,776,783,136,138,128,154,40,1,0,1,Yes
Challan Printed,591,Bahawalpur,male,Punjab,51,0,613,550,104,75,42,68,33,0,0,0,No
Application Fee Received,684,Bahawalpur,male,Punjab,54,0,706,635,86,132,88,130,37,0,0,0,No
Challan Printed,963,Bahawalpur,female,Punjab,57,0,945,911,164,41,42,186,165,0,0,0,No
Application Fee Received,659,Bahawalpur,male,Punjab,50,0,681,614,123,110,70,112,32,1,0,1,Yes
Application Fee Received,727,Bahawalpur,female,Punjab,42,0,843,690,110,39,39,136,129,0,0,0,No
Application Fee Received,632,Bahawalpur,male,Punjab,43,0,507,604,74,50,82,77,81,0,0,0,No
Application Fee Received,729,Bahawalpur,male,Punjab,52,0,862,682,118,35,30,133,123,0,0,0,No
Application Fee Received,732,Bahawalpur,male,Punjab,47,0,666,690,101,40,129,168,96,1,0,0,No
Application Fee Received,596,Bahawalpur,male,Punjab,51,0,698,560,99,85,89,90,28,0,0,0,No
Admission Fee Challan Received,638,Bahawalpur,male,Punjab,42,0,547,601,0,0,0,0,0,1,0,1,Yes
Application Fee Received,903,Bahawalpur,female,Punjab,53,0,902,855,0,0,0,0,0,0,0,0,No
Admission Fee Challan Received,725,Bahawalpur,male,Punjab,42,0,772,688,115,29,38,145,129,1,0,1,Yes
Challan Printed,1001,Bahawalpur,female,Punjab,60,0,916,946,174,40,174,181,171,0,0,0,No
Application Fee Received,705,Bahawalpur,male,Punjab,48,0,818,662,114,136,143,63,36,0,0,0,No
Application Fee Received,525,Bahawalpur,female,Punjab,47,0,652,483,86,71,78,65,29,0,0,0,No
Application Fee Received,531,Bahawalpur,male,Punjab,39,0,578,497,72,83,37,75,82,0,0,0,No
Admission Fee Challan Received,732,Bahawalpur,male,Punjab,40,0,662,697,122,144,109,47,105,1,0,1,Yes
Admission Fee Challan Received,912,Bahawalpur,male,Punjab,53,0,907,864,164,161,161,0,137,1,0,1,Yes
Application Fee Received,571,Bahawalpur,male,Punjab,29,0,574,547,90,0,77,0,98,0,0,0,No
Application Fee Received,909,Bahawalpur,male,Punjab,73,0,924,841,165,152,147,141,40,0,0,0,No
Application Fee Received,684,Bahawalpur,male,Punjab,55,0,845,634,97,116,98,136,34,0,0,0,No
Challan Printed,580,Bahawalpur,male,Punjab,26,0,724,564,113,42,38,102,69,0,0,0,No
Admission Fee Challan Received,830,Bahawalpur,male,Punjab,55,0,861,780,147,141,139,41,142,1,0,1,Yes
Challan Printed,766,Bahawalpur,male,Punjab,57,0,806,714,126,131,42,131,38,0,0,0,No
Application Fee Received,722,Bahawalpur,male,Punjab,50,0,697,677,116,117,106,119,42,0,0,0,No
Admission Fee Challan Received,949,Bahawalpur,male,Punjab,54,0,744,880,0,0,0,0,0,1,0,1,Yes
Challan Printed,521,Bahawalpur,female,Punjab,39,0,686,487,59,33,113,83,74,0,0,0,No
Application Fee Received,528,Bahawalpur,male,Punjab,50,0,657,483,79,25,25,108,66,0,0,0,No
Application Fee Received,572,Bahawalpur,male,Punjab,32,0,582,545,104,82,83,42,108,1,0,0,No
Admission Fee Challan Received,669,Bahawalpur,female,Punjab,51,0,809,623,101,0,0,0,0,1,0,1,Yes
Application Fee Received,784,Bahawalpur,male,Punjab,60,0,590,734,153,44,34,112,110,0,0,0,No
Admission Fee Challan Received,799,Bahawalpur,male,Punjab,62,0,706,742,120,124,112,168,0,1,0,1,Yes
Application Fee Received,990,Bahawalpur,male,Punjab,48,0,1000,947,157,172,175,182,48,1,0,1,Yes
Admission Fee Challan Received,719,Bahawalpur,male,Punjab,56,0,816,668,133,108,102,115,0,1,0,1,Yes
Admission Fee Challan Received,633,Bahawalpur,male,Punjab,41,0,832,597,105,106,41,89,41,1,0,1,Yes
Application Fee Received,612,Bahawalpur,female,Punjab,46,0,673,571,89,44,35,79,107,0,0,0,No
Application Fee Received,596,Bahawalpur,male,Punjab,44,0,641,557,90,99,100,98,29,1,0,0,No
Application Fee Received,891,Bahawalpur,female,Punjab,57,0,850,839,0,0,0,0,0,1,0,1,Yes
Application Fee Received,809,Bahawalpur,male,Punjab,50,0,632,764,124,125,48,148,40,0,0,0,No
Admission Fee Challan Received,648,Bahawalpur,male,Punjab,46,0,758,607,96,79,104,0,0,1,0,1,Yes
Challan Printed,722,Bahawalpur,male,Punjab,61,0,786,666,150,123,92,27,134,0,0,0,No
Application Fee Received,840,Bahawalpur,male,Punjab,52,0,668,793,115,141,154,0,0,0,0,0,No
Application Fee Received,850,Bahawalpur,male,Punjab,44,0,739,811,145,45,146,43,120,1,0,1,Yes
Challan Printed,689,Bahawalpur,male,Punjab,40,0,731,654,91,47,38,110,112,0,0,0,No
Application Fee Received,753,Bahawalpur,female,Punjab,41,0,672,717,152,39,38,118,138,1,0,1,Yes
Application Fee Received,574,Bahawalpur,male,Punjab,40,0,627,519,80,29,40,78,82,1,0,0,No
Challan Printed,567,Bahawalpur,male,Punjab,51,0,716,521,82,102,70,36,106,0,0,0,No
Admission Fee Challan Received,688,Bahawalpur,male,Punjab,50,0,669,643,85,36,37,152,139,1,0,1,Yes
Admission Fee Challan Received,734,Bahawalpur,male,Punjab,53,0,718,666,118,140,94,35,30,1,0,1,Yes
Admission Fee Challan Received,865,Bahawalpur,female,Punjab,51,0,860,819,152,147,138,159,44,1,0,1,Yes
Application Fee Received,853,Bahawalpur,female,Punjab,54,0,876,804,152,143,151,41,41,1,0,1,Yes
Application Fee Received,877,Bahawalpur,female,Punjab,45,0,850,837,180,39,125,172,39,1,0,1,Yes
Application Fee Received,701,Bahawalpur,male,Punjab,41,0,733,665,122,109,41,132,39,0,0,0,No
Challan Printed,995,Bahawalpur,male,Punjab,73,73,853,933,180,177,168,155,0,0,0,0,No
Application Fee Received,885,Bahawalpur,female,Punjab,62,0,856,828,0,0,0,0,0,0,0,0,No
Challan Printed,649,Bahawalpur,male,Punjab,41,0,725,613,125,103,78,0,124,0,0,0,No
Admission Fee Challan Received,764,Bahawalpur,male,Punjab,47,0,689,722,111,40,129,140,130,1,0,1,Yes
Admission Fee Challan Received,1001,OPEN,male,Punjab,73,73,891,935,0,0,0,0,0,1,0,1,Yes
Admission Fee Challan Received,760,Bahawalpur,female,Punjab,61,0,769,684,127,42,115,107,132,1,0,1,Yes
Application Fee Received,920,Bahawalpur,male,Punjab,46,0,914,879,145,179,156,168,0,0,0,0,No
Admission Fee Challan Received,692,Bahawalpur,male,Punjab,44,0,777,653,103,124,108,40,33,1,0,1,Yes
Application Fee Received,647,Bahawalpur,male,Punjab,49,0,818,603,148,115,94,80,0,0,0,0,No
Challan Printed,583,Bahawalpur,female,Punjab,52,0,581,516,80,81,85,33,90,0,0,0,No
Application Fee Received,669,Bahawalpur,female,Punjab,35,0,721,639,131,107,93,109,31,0,0,0,No
Admission Fee Challan Received,1014,Bahawalpur,male,Punjab,64,0,806,955,0,0,0,0,0,1,0,1,Yes
Application Fee Received,967,Bahawalpur,male,Punjab,73,59,977,899,168,163,162,40,168,0,0,0,No
Application Fee Received,551,Bahawalpur,female,Punjab,40,0,631,516,95,33,30,67,89,0,0,0,No
Admission Fee Challan Received,696,Bahawalpur,male,Punjab,57,0,659,644,0,0,0,0,0,1,0,1,Yes
Application Fee Received,725,Bahawalpur,male,Punjab,55,0,695,675,105,109,126,127,34,1,0,1,Yes
Application Fee Received,962,Bahawalpur,male,Punjab,54,0,974,913,183,45,173,171,140,1,0,1,Yes
Application Fee Received,655,Bahawalpur,female,Punjab,34,0,669,626,102,30,110,38,123,0,0,0,No
Admission Fee Challan Received,969,Bahawalpur,male,Punjab,62,0,920,912,171,85,176,163,159,1,0,1,Yes
Application Fee Received,1004,Bahawalpur,male,Punjab,69,69,882,945,174,155,189,175,90,1,0,1,Yes
Admission Fee Challan Received,781,Bahawalpur,male,Punjab,52,0,837,739,125,43,29,148,122,1,0,1,Yes
Application Fee Received,891,Bahawalpur,male,Punjab,51,0,527,825,143,124,46,170,166,0,0,0,No
Application Fee Received,854,OPEN,female,Punjab,40,0,832,824,151,180,127,94,124,0,0,0,No
Admission Fee Challan Received,743,Bahawalpur,male,Punjab,59,0,874,689,140,44,117,124,105,1,0,1,Yes
Admission Fee Challan Received,936,Bahawalpur,female,Punjab,61,0,896,880,177,31,42,145,177,1,0,1,Yes
Application Fee Received,708,OPEN,male,Punjab,43,0,534,650,128,139,91,71,40,0,0,0,No
Application Fee Received,711,Bahawalpur,male,Punjab,48,0,747,668,121,149,98,27,110,1,0,0,No
Application Fee Received,704,Bahawalpur,male,Punjab,45,0,679,664,128,98,91,0,131,1,0,0,No
Admission Fee Challan Received,971,Bahawalpur,male,Punjab,57,0,759,899,161,166,172,153,46,1,0,1,Yes
Challan Printed,717,Bahawalpur,male,Punjab,50,0,697,672,115,99,139,36,118,0,0,0,No
Application Received,678,Bahawalpur,male,Punjab,35,0,729,648,96,121,125,102,32,0,0,0,No
Admission Fee Challan Received,770,Bahawalpur,male,Punjab,54,0,836,721,101,42,41,112,138,1,0,1,Yes
Admission Fee Challan Received,974,Bahawalpur,male,Punjab,62,0,941,922,165,172,172,171,44,1,0,1,Yes
Admission Fee Challan Received,925,Bahawalpur,female,Punjab,56,0,841,874,159,161,161,159,39,1,0,1,Yes
Admission Fee Challan Received,612,Bahawalpur,male,Punjab,73,0,676,544,86,81,92,96,38,1,0,1,Yes
Challan Printed,567,Bahawalpur,female,Punjab,50,0,549,522,91,67,128,87,30,0,0,0,No
Application Fee Received,663,Bahawalpur,male,Punjab,52,0,630,596,104,118,101,39,0,0,0,0,No
Admission Fee Challan Received,0,Bahawalpur,male,Punjab,44,0,760,577,112,77,89,135,35,1,0,1,Yes
Application Fee Received,639,Bahawalpur,male,Punjab,49,0,570,595,135,80,126,26,32,1,0,0,No
Admission Fee Challan Received,922,Bahawalpur,male,Punjab,59,0,725,868,156,157,44,175,40,1,0,1,Yes
Application Fee Received,830,Bahawalpur,female,Punjab,49,0,907,786,172,121,155,130,38,1,0,1,Yes
Admission Fee Challan Received,703,Bahawalpur,male,Punjab,47,0,735,661,128,71,117,35,44,1,0,1,Yes
Admission Fee Challan Received,750,Bahawalpur,male,Punjab,60,0,749,695,116,158,147,35,67,1,0,1,Yes
Application Fee Received,797,OPEN,male,Punjab,62,0,917,750,0,0,0,0,0,0,0,0,No
Admission Fee Challan Received,808,Bahawalpur,male,Punjab,41,0,859,772,140,134,153,109,42,1,0,1,Yes
Admission Fee Challan Received,777,Bahawalpur,male,Punjab,57,0,761,725,131,129,115,39,118,1,0,1,Yes
Application Fee Received,790,Bahawalpur,male,Punjab,54,0,612,741,119,153,134,132,0,1,0,1,Yes
Admission Fee Challan Received,825,Bahawalpur,male,Punjab,62,10,793,753,143,144,121,38,129,1,0,1,Yes
Challan Printed,778,Bahawalpur,female,Punjab,50,0,721,733,140,129,37,161,1,0,0,0,No
Admission Fee Challan Received,648,Bahawalpur,male,Punjab,50,0,734,603,104,99,100,124,32,1,0,1,Yes
Application Fee Received,765,Bahawalpur,male,Punjab,63,0,744,707,120,136,117,111,0,1,0,1,Yes
Application Fee Received,557,Bahawalpur,male,Punjab,42,0,644,520,59,29,24,73,87,0,0,0,No
Admission Fee Challan Received,795,Bahawalpur,female,Punjab,45,0,821,755,161,142,44,141,41,1,0,1,Yes
Admission Fee Challan Received,886,Bahawalpur,male,Punjab,51,0,747,825,143,151,155,138,43,1,0,1,Yes
Challan Printed,532,Bahawalpur,male,Punjab,50,0,759,487,61,71,80,41,87,0,0,0,No
Challan Printed,781,Bahawalpur,female,Punjab,59,0,802,727,146,170,102,37,116,0,0,0,No
Admission Fee Challan Received,656,Bahawalpur,male,Punjab,45,0,629,616,107,115,99,118,40,1,0,1,Yes
Challan Printed,683,Bahawalpur,male,Punjab,76,0,718,617,97,120,42,107,43,0,0,0,No
Application Fee Received,789,Bahawalpur,male,Punjab,54,0,784,740,138,120,121,0,145,0,0,0,No
Application Fee Received,584,Bahawalpur,male,Punjab,42,0,730,552,82,34,86,100,93,1,0,0,No
Admission Fee Challan Received,968,OPEN,male,Punjab,68,0,949,905,156,152,173,43,167,1,0,1,Yes
Admission Fee Challan Received,604,Bahawalpur,female,Punjab,40,0,625,569,120,36,40,100,70,1,0,1,Yes
Application Fee Received,916,Bahawalpur,male,Punjab,55,0,874,846,176,44,148,45,152,0,0,0,No
Admission Fee Challan Received,976,Bahawalpur,male,Punjab,77,61,771,909,162,169,161,46,177,1,0,1,Yes
Application Fee Received,638,Bahawalpur,male,Punjab,40,0,517,603,105,110,127,80,41,0,0,0,No
Challan Printed,879,Bahawalpur,female,Punjab,47,0,806,837,160,150,134,171,42,0,0,0,No
Application Fee Received,681,Bahawalpur,male,Punjab,40,0,863,646,120,41,35,112,111,0,0,0,No
Application Fee Received,563,Bahawalpur,male,Punjab,43,0,581,520,93,82,72,38,98,0,0,0,No
Admission Fee Challan Received,704,Bahawalpur,male,Punjab,42,0,655,667,111,41,36,104,113,1,0,1,Yes
Admission Fee Challan Received,687,Bahawalpur,male,Punjab,57,0,738,635,102,98,113,99,44,1,0,1,Yes
Application Fee Received,808,Bahawalpur,female,Punjab,41,0,672,772,166,150,103,152,0,1,0,1,Yes
Application Fee Received,639,Bahawalpur,male,Punjab,44,0,563,600,86,101,109,117,37,0,0,0,No
Admission Fee Challan Received,723,Bahawalpur,male,Punjab,44,0,881,684,130,143,37,105,44,1,0,1,Yes
Admission Fee Challan Received,798,Bahawalpur,male,Punjab,52,0,859,751,134,38,39,150,126,1,0,1,Yes
Admission Fee Challan Received,706,Bahawalpur,male,Punjab,49,0,830,662,150,99,109,0,95,1,0,1,Yes
Admission Fee Challan Received,986,Bahawalpur,female,Punjab,78,78,779,926,154,174,175,44,184,1,0,1,Yes
Challan Printed,747,Bahawalpur,male,Punjab,64,0,776,648,105,96,40,117,42,0,0,0,No
Challan Printed,766,Bahawalpur,male,Punjab,33,0,747,738,131,117,118,45,38,0,0,0,No
Application Fee Received,969,Bahawalpur,female,Punjab,82,82,887,974,166,48,46,187,193,1,0,0,No
Admission Fee Challan Received,874,Bahawalpur,female,Punjab,53,53,763,836,138,42,158,44,158,1,0,1,Yes
Application Fee Received,592,Bahawalpur,male,Punjab,60,0,616,537,0,0,0,0,0,0,0,0,No
Application Fee Received,696,Bahawalpur,male,Punjab,54,0,748,647,124,124,99,104,32,0,0,0,No
Application Fee Received,722,Bahawalpur,male,Punjab,44,0,825,683,113,110,121,129,0,0,0,0,No
Admission Fee Challan Received,731,Bahawalpur,male,Punjab,49,0,895,687,112,89,131,148,43,1,0,1,Yes
Admission Fee Challan Received,693,Bahawalpur,male,Punjab,57,0,704,641,121,114,76,44,119,1,0,1,Yes
Application Fee Received,744,Bahawalpur,male,Punjab,46,0,646,703,140,41,122,130,122,0,0,0,No
Application Fee Received,794,Bahawalpur,male,Punjab,50,0,781,749,138,160,122,122,30,0,0,0,No
Admission Fee Challan Received,687,Bahawalpur,male,Punjab,44,0,770,648,149,79,131,41,90,1,0,0,No
Application Fee Received,537,Bahawalpur,male,Punjab,31,0,680,511,107,32,29,103,73,1,0,0,No
Challan Printed,686,Bahawalpur,male,Punjab,36,0,757,660,112,134,84,44,103,0,0,0,No
Admission Fee Challan Received,666,Bahawalpur,male,Punjab,44,0,883,607,43,44,87,106,96,1,0,1,Yes
Application Fee Received,1015,Bahawalpur,male,Punjab,63,0,909,957,125,137,129,133,135,1,0,1,Yes
Admission Fee Challan Received,713,Bahawalpur,male,Punjab,48,0,726,670,118,108,129,130,31,1,0,1,Yes
Application Fee Received,665,Bahawalpur,female,Punjab,29,0,643,641,117,135,103,24,113,0,0,0,No
Challan Printed,736,Bahawalpur,male,Punjab,38,0,709,683,149,45,45,101,131,0,0,0,No
Application Fee Received,809,Bahawalpur,male,Punjab,44,0,725,775,135,140,157,149,42,0,0,0,No
Application Fee Received,640,Bahawalpur,male,Punjab,51,10,592,594,88,96,134,34,90,0,0,0,No
Challan Printed,861,Bahawalpur,male,Punjab,57,0,873,809,152,154,147,44,134,0,0,0,No
Admission Fee Challan Received,657,Bahawalpur,male,Punjab,42,0,654,620,128,99,102,102,0,1,0,1,Yes
Challan Printed,632,Bahawalpur,male,Punjab,54,0,553,583,67,36,23,132,126,0,0,0,No
Application Fee Received,850,Bahawalpur,female,Punjab,48,0,907,807,157,149,168,34,141,1,0,1,Yes
Admission Fee Challan Received,747,Bahawalpur,male,Punjab,49,0,763,708,132,106,117,43,127,1,0,1,Yes
Application Fee Received,1004,Bahawalpur,female,Punjab,68,0,885,941,176,168,185,43,172,1,0,1,Yes
Application Fee Received,765,Bahawalpur,female,Punjab,47,0,725,723,132,117,125,122,0,0,0,0,No
Admission Fee Challan Received,852,Bahawalpur,male,Punjab,49,0,844,808,0,0,0,0,0,1,0,1,Yes
Application Fee Received,756,OPEN,male,Punjab,38,0,629,723,107,108,124,44,46,0,0,0,No
Application Fee Received,619,Bahawalpur,male,Punjab,41,0,748,583,70,87,148,0,98,0,0,0,No
Admission Fee Challan Received,911,Bahawalpur,female,Punjab,42,0,817,874,164,154,173,156,0,1,0,1,Yes
Admission Fee Challan Received,671,Bahawalpur,female,Punjab,47,0,732,629,109,115,101,134,41,1,0,1,Yes
Application Fee Received,704,Bahawalpur,female,Punjab,40,0,859,669,137,115,116,116,32,0,0,0,No
Application Fee Received,612,Bahawalpur,female,Punjab,50,0,664,567,110,75,110,87,35,0,0,0,No
Application Fee Received,706,Bahawalpur,female,Punjab,47,0,759,664,119,34,138,111,111,0,0,0,No
Application Fee Received,589,Bahawalpur,male,Punjab,42,0,631,552,75,95,106,101,36,0,0,0,No
Admission Fee Challan Received,716,Bahawalpur,male,Punjab,50,0,641,671,110,128,120,41,100,1,0,1,Yes
Challan Printed,835,Bahawalpur,female,Punjab,47,0,819,798,139,158,138,45,140,0,0,0,No
Admission Fee Challan Received,678,Bahawalpur,female,Punjab,43,0,712,640,113,113,111,105,42,1,0,1,Yes
Challan Printed,665,Bahawalpur,male,Punjab,48,0,729,622,44,75,44,118,137,0,0,0,No
Application Fee Received,893,Bahawalpur,female,Punjab,67,59,860,836,0,0,0,0,0,1,0,1,Yes
Application Fee Received,733,Bahawalpur,male,Punjab,37,0,645,701,134,129,123,0,111,0,0,0,No
Application Fee Received,789,Bahawalpur,female,Punjab,40,0,838,754,138,112,138,159,42,0,0,0,No
Admission Fee Challan Received,673,Bahawalpur,male,Punjab,41,0,683,622,148,80,59,120,40,1,0,1,Yes
Application Fee Received,623,Bahawalpur,female,Punjab,45,16,617,583,87,31,89,44,142,0,0,0,No
Application Fee Received,697,Bahawalpur,female,Punjab,45,0,749,657,111,110,104,40,130,1,0,0,No
Admission Fee Challan Received,825,Bahawalpur,female,Punjab,48,0,718,782,155,139,135,39,141,1,0,1,Yes
Application Fee Received,761,Bahawalpur,male,Punjab,55,0,835,711,113,41,40,143,114,1,0,1,Yes
Admission Fee Challan Received,863,Bahawalpur,female,Punjab,52,0,837,816,0,0,0,0,0,1,0,1,Yes
Admission Fee Challan Printed,667,Bahawalpur,female,Punjab,41,0,788,631,112,117,106,106,0,0,0,0,No
Application Fee Received,917,Bahawalpur,male,Punjab,77,77,929,849,164,156,152,153,48,0,0,0,No
Application Fee Received,703,Bahawalpur,female,Punjab,47,0,737,661,108,106,106,123,44,0,0,0,No
Challan Printed,657,Bahawalpur,male,Punjab,50,0,696,612,134,102,42,30,75,0,0,0,No
Admission Fee Challan Received,699,Bahawalpur,male,Punjab,56,0,696,648,106,128,90,41,113,1,0,1,Yes
Admission Fee Challan Received,839,Bahawalpur,male,Punjab,63,0,842,781,148,124,152,39,153,1,0,1,Yes
Challan Printed,616,Bahawalpur,male,Punjab,47,0,683,574,85,82,122,85,35,0,0,0,No
Admission Fee Challan Received,663,Bahawalpur,male,Punjab,47,0,846,621,116,95,94,109,0,1,0,1,Yes
Application Fee Received,957,Bahawalpur,male,Punjab,79,79,851,890,178,156,139,0,174,0,0,0,No
Application Fee Received,785,Bahawalpur,male,Punjab,49,0,733,741,150,127,94,160,44,0,0,0,No
Challan Printed,853,Bahawalpur,male,Punjab,46,0,899,817,141,159,137,160,0,0,0,0,No
Application Fee Received,1010,Bahawalpur,male,Punjab,58,0,979,957,163,176,178,195,49,0,0,0,No
Admission Fee Challan Received,909,Bahawalpur,female,Punjab,49,0,793,865,168,147,38,154,41,1,0,1,Yes
Application Fee Received,871,Bahawalpur,male,Punjab,53,0,930,823,146,149,129,177,0,0,0,0,No
Application Fee Received,890,Bahawalpur,female,Punjab,48,0,923,847,173,136,150,150,0,0,0,0,No
Application Fee Received,626,Bahawalpur,male,Punjab,83,0,809,538,75,77,107,36,44,0,0,0,No
Application Fee Received,771,Bahawalpur,female,Punjab,43,0,848,733,146,122,136,124,0,1,0,1,Yes
Application Fee Received,586,Bahawalpur,male,Punjab,49,0,564,547,90,93,83,85,0,0,0,0,No
Admission Fee Challan Received,685,Bahawalpur,male,Punjab,45,0,674,645,0,0,0,0,0,1,0,1,Yes
Application Fee Received,844,Bahawalpur,female,Punjab,47,0,814,802,170,135,146,41,28,0,0,0,No
Admission Fee Challan Received,897,Bahawalpur,female,Punjab,52,0,954,830,142,137,147,156,0,1,0,1,Yes
Application Fee Received,583,Bahawalpur,male,Punjab,45,0,665,543,101,94,89,75,43,0,0,0,No
Admission Fee Challan Received,672,Bahawalpur,male,Punjab,55,0,614,622,123,89,104,104,29,1,0,1,Yes
Application Fee Received,797,Bahawalpur,female,Punjab,54,0,826,748,149,122,46,102,44,0,0,0,No
Admission Fee Challan Received,856,Bahawalpur,male,Punjab,60,0,757,806,0,0,0,0,0,1,0,1,Yes
Admission Fee Challan Received,964,Bahawalpur,male,Punjab,43,0,941,926,182,153,170,47,161,1,0,1,Yes
Admission Fee Challan Received,835,Bahawalpur,female,Punjab,44,0,908,796,165,129,162,130,40,1,0,1,Yes
Application Fee Received,730,Bahawalpur,male,Punjab,47,0,846,688,143,101,102,131,37,0,0,0,No
Application Fee Received,667,Bahawalpur,female,Punjab,47,0,825,625,140,102,79,117,0,0,0,0,No
Application Fee Received,1026,Bahawalpur,male,Punjab,74,74,939,971,150,182,178,0,0,1,0,1,Yes
Application Fee Received,674,Bahawalpur,female,Punjab,46,0,903,633,126,108,94,106,35,1,0,0,No
Application Fee Received,911,Bahawalpur,female,Punjab,57,0,919,859,164,165,133,161,39,0,0,0,No
Application Fee Received,804,Bahawalpur,male,Punjab,54,0,837,755,123,160,135,134,42,0,0,0,No
Application Fee Received,874,Bahawalpur,male,Punjab,48,0,839,831,165,43,172,0,161,1,0,1,Yes
Admission Fee Challan Received,641,Bahawalpur,male,Punjab,47,0,749,599,108,97,95,99,0,1,0,1,Yes
Admission Fee Challan Received,961,Bahawalpur,male,Punjab,60,0,844,886,41,46,167,180,178,1,0,0,No
Application Fee Received,666,Bahawalpur,female,Punjab,53,0,726,618,0,0,0,0,0,0,0,0,No
Admission Fee Challan Received,702,Bahawalpur,male,Punjab,52,0,729,635,126,135,90,72,32,1,0,1,Yes
Admission Fee Challan Received,674,Bahawalpur,male,Punjab,54,0,706,625,111,91,99,99,0,1,0,1,Yes
Admission Fee Challan Received,623,Bahawalpur,male,Punjab,44,0,792,584,121,91,84,66,0,1,0,1,Yes
Application Fee Received,847,Bahawalpur,male,Punjab,51,0,872,801,133,156,118,177,34,1,0,1,Yes
Application Fee Received,637,Bahawalpur,male,Punjab,29,0,819,613,117,45,47,97,79,0,0,0,No
Application Fee Received,548,Bahawalpur,male,Punjab,49,0,603,504,0,0,0,0,0,1,0,0,No
Application Fee Received,595,Bahawalpur,male,Punjab,58,0,778,542,98,46,35,81,82,1,0,0,No
Application Fee Received,745,Bahawalpur,male,Punjab,43,0,594,712,128,121,147,98,0,1,0,1,Yes
Application Fee Received,898,Bahawalpur,male,Punjab,52,0,861,851,147,161,148,179,0,1,0,1,Yes
Application Fee Received,568,Bahawalpur,male,Punjab,48,0,489,505,99,101,69,32,71,1,0,0,No
Application Fee Received,730,Bahawalpur,male,Punjab,56,0,752,684,107,38,118,44,144,0,0,0,No
Admission Fee Challan Received,813,Bahawalpur,male,Punjab,49,12,714,769,130,107,144,173,44,1,0,1,Yes
Admission Fee Challan Received,949,Bahawalpur,female,Punjab,52,0,886,902,165,147,186,35,172,1,0,1,Yes
Admission Fee Challan Received,709,Bahawalpur,male,Punjab,53,0,808,661,124,40,94,38,134,1,0,1,Yes
Challan Printed,676,Bahawalpur,male,Punjab,53,0,754,628,117,110,100,43,104,0,0,0,No
Application Fee Received,714,Bahawalpur,female,Punjab,52,0,756,647,123,121,83,114,0,1,0,1,Yes
Challan Printed,599,Bahawalpur,female,Punjab,40,0,587,544,137,35,88,35,60,0,0,0,No
Admission Fee Challan Received,967,Bahawalpur,male,Punjab,55,0,984,917,177,158,164,157,48,1,0,1,Yes
Admission Fee Challan Received,902,Bahawalpur,male,Punjab,55,55,758,864,145,148,167,146,45,1,0,1,Yes
Admission Fee Challan Received,652,Bahawalpur,male,Punjab,51,0,821,606,101,34,82,148,93,1,0,1,Yes
Admission Fee Challan Received,980,Bahawalpur,female,Punjab,53,0,922,932,158,170,38,158,183,1,0,1,Yes
Admission Fee Challan Received,949,Bahawalpur,male,Punjab,60,0,860,874,158,43,44,175,153,1,0,0,No
Admission Fee Challan Received,725,Bahawalpur,male,Punjab,42,0,756,688,120,94,136,135,34,1,0,1,Yes
Application Fee Received,670,Bahawalpur,female,Punjab,52,0,789,623,99,112,94,134,33,1,0,1,Yes
Application Fee Received,773,Bahawalpur,male,Punjab,58,0,713,720,125,47,38,149,118,1,0,1,Yes
Application Fee Received,746,Bahawalpur,female,Punjab,48,0,819,703,102,42,45,146,132,0,0,0,No
Application Fee Received,866,Bahawalpur,male,Punjab,56,21,940,815,158,146,143,116,0,1,0,1,Yes
Application Fee Received,963,Bahawalpur,female,Punjab,61,0,918,907,0,0,0,0,0,1,0,1,Yes
Admission Fee Challan Received,702,Bahawalpur,male,Punjab,46,0,750,661,125,92,111,127,0,1,0,1,Yes
Admission Fee Challan Received,708,Bahawalpur,male,Punjab,44,0,649,679,144,136,80,108,0,1,0,1,Yes
Application Fee Received,606,Bahawalpur,female,Punjab,35,0,667,576,86,106,72,128,0,0,0,0,No
Admission Fee Challan Received,796,Bahawalpur,male,Punjab,48,21,748,753,125,161,142,48,129,1,0,1,Yes
Application Fee Received,655,Bahawalpur,female,Punjab,41,0,542,619,140,38,31,119,76,1,0,1,Yes
Application Fee Received,614,Bahawalpur,male,Punjab,59,0,686,565,115,73,84,81,0,1,0,0,No
Application Fee Received,723,Bahawalpur,male,Punjab,44,0,881,684,120,123,123,107,0,0,0,0,No
Challan Printed,983,Bahawalpur,female,Punjab,69,69,922,930,165,46,185,47,153,0,0,0,No
Admission Fee Challan Received,680,Bahawalpur,male,Punjab,47,0,713,643,86,46,122,104,116,1,0,1,Yes
Application Fee Received,817,Bahawalpur,female,Punjab,62,0,798,760,160,117,45,132,47,0,0,0,No
Admission Fee Challan Received,662,Bahawalpur,male,Punjab,44,0,712,623,68,113,164,75,48,1,0,1,Yes
Application Fee Received,589,Bahawalpur,male,Punjab,44,0,660,550,87,100,45,96,77,1,0,0,No
Admission Fee Challan Received,681,Bahawalpur,male,Punjab,44,0,805,642,118,112,105,40,117,1,0,1,Yes
Application Fee Received,832,Bahawalpur,male,Punjab,61,0,882,776,141,123,136,157,0,0,0,0,No
Application Fee Received,636,Bahawalpur,male,Punjab,44,0,504,597,106,78,106,108,35,0,0,0,No
Application Fee Received,742,Bahawalpur,female,Punjab,56,0,670,691,110,110,103,132,42,0,0,0,No
Admission Fee Challan Received,653,Bahawalpur,female,Punjab,52,0,823,606,130,100,65,95,38,1,0,1,Yes
Application Fee Received,579,Bahawalpur,male,Punjab,41,0,688,543,99,83,96,86,48,1,0,0,No
Admission Fee Challan Received,647,Bahawalpur,male,Punjab,47,0,727,605,86,26,42,117,82,1,0,1,Yes
Application Fee Received,825,Bahawalpur,female,Punjab,47,0,865,783,150,132,133,156,41,0,0,0,No
Application Fee Received,565,Bahawalpur,male,Punjab,48,0,685,527,72,44,85,109,93,1,0,0,No
Application Fee Received,648,Bahawalpur,male,Punjab,45,0,672,618,91,40,41,126,101,0,0,0,No
Admission Fee Challan Received,0,Bahawalpur,male,Punjab,46,0,830,624,0,0,0,0,0,1,0,1,Yes
Application Fee Received,673,Bahawalpur,male,Punjab,42,0,699,636,105,33,41,108,99,0,0,0,No
Admission Fee Challan Received,709,Bahawalpur,male,Punjab,52,0,743,662,118,45,97,105,132,1,0,1,Yes
Application Fee Received,644,Bahawalpur,male,Punjab,46,0,504,598,82,48,108,90,103,0,0,0,No
Admission Fee Challan Received,674,Bahawalpur,male,Punjab,50,0,777,629,103,99,119,115,0,1,0,1,Yes
Admission Fee Challan Received,691,Bahawalpur,male,Punjab,50,0,658,646,102,45,135,81,132,1,0,1,Yes
Application Fee Received,659,Bahawalpur,female,Punjab,37,0,811,627,96,134,97,36,101,0,0,0,No
Admission Fee Challan Received,766,Bahawalpur,female,Punjab,44,0,748,727,152,123,131,0,113,1,0,1,Yes
Admission Fee Challan Received,654,Bahawalpur,male,Punjab,47,0,779,612,111,103,89,44,87,1,0,1,Yes
Admission Fee Challan Received,684,Bahawalpur,male,Punjab,45,0,739,649,136,41,121,39,76,1,0,1,Yes
Application Fee Received,942,Bahawalpur,female,Punjab,60,0,743,892,167,165,173,151,0,0,0,0,No
Admission Fee Challan Received,640,Bahawalpur,male,Punjab,57,0,539,588,100,109,104,41,90,1,0,1,Yes
Application Received,786,Bahawalpur,male,Punjab,54,0,700,737,107,137,125,135,43,0,0,0,No
Application Fee Received,751,Bahawalpur,male,Punjab,45,0,745,711,109,112,115,122,0,1,0,0,No
Application Fee Received,920,Bahawalpur,male,Punjab,64,64,904,873,160,157,179,45,133,0,0,0,No
Application Fee Received,844,Bahawalpur,male,Punjab,47,0,894,802,0,0,0,0,0,1,0,1,Yes
Admission Fee Challan Received,761,Bahawalpur,male,Punjab,40,0,779,726,115,142,126,112,0,1,0,1,Yes
Application Fee Received,765,Bahawalpur,male,Punjab,39,0,658,731,107,113,134,135,0,0,0,0,No
Challan Printed,779,Bahawalpur,male,Punjab,46,0,728,738,151,132,106,120,39,0,0,0,No
Application Fee Received,744,Bahawalpur,male,Punjab,35,0,645,714,128,117,89,123,98,0,0,0,No
Application Fee Received,727,Bahawalpur,male,Punjab,30,0,589,702,87,103,142,137,83,0,0,0,No
Application Fee Received,916,Bahawalpur,male,Punjab,53,0,672,868,171,150,156,148,46,1,0,1,Yes
Challan Printed,789,Bahawalpur,male,Punjab,49,0,748,745,103,136,144,43,134,0,0,0,No
Application Fee Received,581,Bahawalpur,male,Punjab,44,0,704,542,93,87,93,0,0,1,0,0,No
Application Fee Received,879,Bahawalpur,female,Punjab,48,0,644,841,161,160,187,123,0,0,0,0,No
Application Received,782,Bahawalpur,male,Punjab,48,0,620,739,126,129,140,44,119,0,0,0,No
Application Fee Received,779,Bahawalpur,male,Punjab,41,41,657,747,122,128,133,42,129,1,0,1,Yes
Admission Fee Challan Received,945,Bahawalpur,female,Punjab,73,0,912,877,179,147,48,161,140,1,0,1,Yes
Application Fee Received,746,Bahawalpur,male,Punjab,52,0,814,699,123,87,150,107,0,0,0,0,No
Admission Fee Challan Received,928,Bahawalpur,male,Punjab,69,0,917,864,0,0,0,0,0,1,0,1,Yes
Application Fee Received,980,Bahawalpur,male,Punjab,50,0,845,935,182,189,166,143,45,1,0,1,Yes
Application Fee Received,539,Bahawalpur,male,Punjab,44,0,550,515,85,63,34,79,0,0,0,0,No
Application Fee Received,728,Bahawalpur,male,Punjab,50,0,604,688,111,127,152,97,0,0,0,0,No
Admission Fee Challan Received,816,Bahawalpur,male,Punjab,62,0,671,759,155,112,162,112,44,1,0,1,Yes
Admission Fee Challan Received,644,Bahawalpur,male,Punjab,42,0,761,607,0,0,0,0,0,1,0,1,Yes
Application Fee Received,822,Bahawalpur,male,Punjab,50,0,848,777,157,121,148,0,0,1,0,1,Yes
Challan Printed,839,Bahawalpur,male,Punjab,52,0,756,792,160,95,155,0,158,0,0,0,No
Application Fee Received,695,Bahawalpur,male,Punjab,28,0,634,672,111,87,115,49,116,0,0,0,No
Admission Fee Challan Received,693,Bahawalpur,male,Punjab,41,0,830,657,96,98,143,104,46,1,0,1,Yes
Application Fee Received,676,Bahawalpur,male,Punjab,37,0,693,644,111,101,99,112,45,0,0,0,No
Challan Printed,862,Bahawalpur,male,Punjab,62,0,821,810,156,136,147,46,135,0,0,0,No
Application Fee Received,796,Bahawalpur,male,Punjab,43,0,852,763,114,42,147,132,123,0,0,0,No
Application Fee Received,586,Bahawalpur,male,Punjab,42,0,507,549,80,69,78,45,101,1,0,0,No
Application Fee Received,854,Bahawalpur,male,Punjab,47,0,738,812,141,128,154,156,0,1,0,1,Yes
Challan Printed,755,Bahawalpur,male,Punjab,51,0,766,709,122,40,111,110,144,0,0,0,No
Application Fee Received,586,Bahawalpur,male,Punjab,50,0,584,541,88,86,94,102,0,1,0,0,No
Admission Fee Challan Received,741,Bahawalpur,male,Punjab,61,0,841,685,104,98,131,34,136,1,0,1,Yes
Application Received,764,Bahawalpur,male,Punjab,45,0,771,724,125,0,0,0,0,0,0,0,No
Application Fee Received,704,Bahawalpur,female,Punjab,47,0,726,662,133,33,103,34,123,0,0,0,No
Admission Fee Challan Received,750,Bahawalpur,male,Punjab,58,0,718,697,158,135,107,128,37,1,0,1,Yes
Admission Fee Challan Received,709,Bahawalpur,male,Punjab,48,0,724,666,105,112,97,121,46,1,0,1,Yes
Application Fee Received,874,Bahawalpur,male,Punjab,45,0,544,834,149,148,43,141,41,0,0,0,No
Challan Printed,900,Bahawalpur,male,Punjab,50,0,860,855,171,141,154,0,161,0,0,0,No
Application Fee Received,724,Bahawalpur,male,Punjab,39,0,872,690,0,0,0,0,0,0,0,0,No
Challan Printed,821,Bahawalpur,male,Punjab,37,0,831,789,165,170,98,0,148,0,0,0,No
Application Fee Received,648,Bahawalpur,male,Punjab,40,0,553,613,88,84,114,114,0,1,0,0,No
Admission Fee Challan Received,774,Bahawalpur,male,Punjab,61,0,788,718,127,127,108,118,0,1,0,1,Yes
Application Fee Received,604,Bahawalpur,male,Punjab,46,0,597,573,122,36,37,78,77,0,0,0,No
Application Fee Received,942,Bahawalpur,male,Punjab,49,0,849,898,154,47,49,145,165,1,0,1,Yes
Admission Fee Challan Received,766,Bahawalpur,male,Punjab,42,0,811,729,125,147,110,117,0,1,0,1,Yes
Admission Fee Challan Received,725,Bahawalpur,male,Punjab,45,0,837,685,113,120,123,115,44,1,0,1,Yes
Application Fee Received,600,Bahawalpur,male,Punjab,53,0,583,552,126,23,88,95,67,1,0,0,No
Challan Printed,531,Bahawalpur,male,Punjab,55,0,508,481,71,57,101,69,0,0,0,0,No
Challan Printed,619,Bahawalpur,male,Punjab,47,0,749,577,128,70,87,43,85,0,0,0,No
Application Received,686,Bahawalpur,male,Punjab,0,0,721,696,0,0,0,0,0,0,0,0,No
Application Fee Received,806,Bahawalpur,female,Punjab,46,0,828,770,132,46,129,152,130,0,0,0,No
Admission Fee Challan Received,700,Bahawalpur,male,Punjab,60,0,721,645,100,107,91,0,125,1,0,1,Yes
Application Fee Received,637,Bahawalpur,male,Punjab,30,0,613,622,97,80,133,43,110,1,0,0,No
Application Fee Received,874,Bahawalpur,male,Punjab,52,23,746,827,0,0,0,0,0,0,0,0,No
Admission Fee Challan Received,735,Bahawalpur,male,Punjab,48,0,759,692,86,151,106,0,134,1,0,1,Yes
Application Fee Received,635,Bahawalpur,male,Punjab,50,0,638,570,78,68,121,0,83,1,0,1,Yes
Admission Fee Challan Received,919,Bahawalpur,female,Punjab,52,0,936,872,134,171,173,0,163,1,0,1,Yes
Application Fee Received,591,Bahawalpur,male,Punjab,41,0,563,560,104,75,81,77,44,0,0,0,No
Admission Fee Challan Received,923,Bahawalpur,male,Punjab,67,0,913,861,172,43,126,43,155,1,0,1,Yes
Application Fee Received,780,Bahawalpur,male,Punjab,37,0,754,748,130,112,147,117,0,0,0,0,No
Admission Fee Challan Received,718,Bahawalpur,male,Punjab,50,0,733,678,121,148,82,30,43,1,0,1,Yes
Admission Fee Challan Received,851,Bahawalpur,male,Punjab,49,0,849,807,0,0,0,0,0,1,0,1,Yes
Application Fee Received,535,Bahawalpur,male,Punjab,45,0,615,495,89,40,64,36,93,1,0,0,No
Application Fee Received,753,Bahawalpur,male,Punjab,48,0,863,710,0,0,0,0,0,0,0,0,No
Application Fee Received,566,Bahawalpur,male,Punjab,44,0,643,527,81,77,71,44,88,0,0,0,No
Application Fee Received,576,Bahawalpur,male,Punjab,50,0,642,531,83,108,83,27,94,1,0,0,No
Application Fee Received,779,Bahawalpur,female,Punjab,46,0,844,738,148,48,99,45,149,0,0,0,No
Admission Fee Challan Received,709,Bahawalpur,male,Punjab,54,0,806,660,98,85,133,43,44,1,0,1,Yes
Application Fee Received,769,Bahawalpur,male,Punjab,56,0,728,698,137,113,140,103,34,1,0,1,Yes
Application Fee Received,671,Bahawalpur,male,Punjab,50,0,826,626,94,81,119,43,47,0,0,0,No
Admission Fee Challan Received,929,OPEN,male,Punjab,52,0,746,882,154,142,151,172,0,1,0,1,Yes
Challan Printed,916,OPEN,male,Punjab,82,82,793,921,173,141,192,46,180,0,0,0,No
Challan Printed,715,OPEN,male,Punjab,24,0,592,696,106,141,103,125,0,0,0,0,No
Admission Fee Challan Received,684,OPEN,male,Punjab,52,0,719,637,113,90,104,44,92,1,0,0,No
Challan Printed,658,OPEN,male,Punjab,0,0,695,663,0,0,0,0,0,0,0,0,No
Application Fee Received,727,OPEN,male,Punjab,43,0,581,689,118,37,39,127,120,0,0,0,No
Application Received,993,OPEN,female,Punjab,81,81,912,944,178,171,184,42,179,0,0,0,No
Application Fee Received,929,OPEN,male,Punjab,39,0,753,895,154,155,158,166,45,0,0,0,No
Application Fee Received,797,OPEN,male,Punjab,36,0,699,766,151,0,0,0,0,0,0,0,No
Application Fee Received,929,OPEN,male,Punjab,38,0,722,896,162,162,171,156,45,0,0,0,No
Application Fee Received,817,OPEN,female,Punjab,41,0,918,781,122,138,127,158,48,1,0,1,Yes
Admission Fee Challan Received,761,OPEN,male,Punjab,44,0,749,727,150,131,90,145,42,1,0,1,Yes
Application Fee Received,861,OPEN,male,Punjab,30,0,813,836,147,140,150,163,47,0,0,0,No
Application Fee Received,737,OPEN,male,Punjab,40,0,823,702,109,42,42,122,108,0,0,0,No
Application Fee Received,575,OPEN,male,Punjab,41,0,607,524,81,80,61,101,37,0,0,0,No
Application Fee Received,866,OPEN,male,Punjab,32,0,845,839,141,159,127,174,0,0,0,0,No
Application Fee Received,904,OPEN,male,Punjab,35,0,710,874,150,45,173,145,166,0,0,0,No
Application Fee Received,660,OPEN,male,Punjab,32,0,826,633,108,145,94,75,0,0,0,0,No
Challan Printed,906,OPEN,male,Punjab,42,0,870,869,138,43,164,157,44,0,0,0,No
Challan Printed,989,OPEN,female,Punjab,80,80,902,925,171,164,179,46,161,0,0,0,No
Application Fee Received,788,OPEN,female,Punjab,49,0,921,744,156,126,128,130,0,0,0,0,No
Application Received,584,OPEN,female,Punjab,0,0,623,589,88,110,82,100,0,0,0,0,No
Application Fee Received,821,OPEN,male,Punjab,44,0,796,782,0,0,0,0,0,0,0,0,No
Admission Fee Challan Received,751,OPEN,male,Punjab,46,0,764,690,108,117,132,119,0,1,0,1,Yes
Application Fee Received,792,OPEN,male,Punjab,47,0,859,750,135,137,124,42,146,0,0,0,No
Challan Printed,663,OPEN,male,Punjab,50,0,655,618,0,0,0,0,0,0,0,0,No
Application Fee Received,898,OPEN,male,Punjab,47,0,820,856,0,0,0,0,0,0,0,0,No
Challan Printed,897,OPEN,male,Punjab,54,0,865,848,0,0,0,0,0,0,0,0,No
Application Fee Received,745,OPEN,female,Punjab,50,0,884,705,124,131,147,41,83,0,0,0,No
Admission Fee Challan Received,695,Bahawalpur,male,Punjab,49,0,568,651,131,34,45,88,128,1,0,1,Yes
Application Fee Received,647,OPEN,male,Punjab,44,0,684,608,100,43,103,94,83,0,0,0,No
Application Fee Received,956,OPEN,male,Punjab,46,0,766,915,151,171,165,42,187,0,0,0,No
Admission Fee Challan Received,903.286,OPEN,male,Punjab,60,60,973,864,141,126,150,36,179,1,0,1,Yes
Challan Printed,669,OPEN,male,Punjab,32,32,733,679,0,0,0,0,0,0,0,0,No
Application Received,812,OPEN,male,Punjab,44,0,848,773,145,46,125,151,122,0,0,0,No
Admission Fee Challan Received,778,OPEN,male,Punjab,58,0,810,725,0,0,0,0,0,1,0,1,Yes
Challan Printed,607,OPEN,male,Punjab,44,0,673,568,0,0,0,0,0,0,0,0,No
Application Fee Received,742,OPEN,male,Punjab,39,0,822,688,156,117,99,108,32,0,0,0,No
Application Fee Received,1016,OPEN,male,Punjab,85,85,971,948,171,165,183,48,167,1,0,1,Yes
Application Fee Received,656,Bahawalpur,female,Punjab,56,0,790,605,0,0,0,0,0,0,0,0,No
Application Fee Received,694,OPEN,male,Punjab,41,24,835,658,101,0,0,0,0,0,0,0,No
Admission Fee Challan Received,829,OPEN,male,Punjab,40,40,750,794,110,0,0,0,0,1,0,1,Yes
Application Fee Received,995,OPEN,male,Punjab,70,70,887,938,174,168,180,46,167,0,0,0,No
Admission Fee Challan Received,955,OPEN,female,Punjab,51,0,907,909,170,47,46,171,157,1,0,1,Yes
Application Received,697,OPEN,male,Punjab,41,0,777,661,100,103,113,34,119,0,0,0,No
Application Fee Received,671,OPEN,male,Punjab,43,0,656,633,89,70,121,140,44,0,0,0,No
Application Fee Received,880,OPEN,male,Punjab,48,48,748,885,154,165,160,163,47,0,0,0,No
Application Fee Received,742,OPEN,male,Punjab,43,0,823,704,132,133,108,107,46,1,0,0,No
Application Fee Received,737,OPEN,female,Punjab,43,0,688,699,89,153,91,147,44,1,0,0,No
Application Fee Received,725,OPEN,female,Punjab,46,0,715,689,107,45,46,113,106,0,0,0,No
Application Fee Received,719,OPEN,male,Punjab,53,0,727,671,171,114,104,116,0,0,0,0,No
Admission Fee Challan Received,794,Bahawalpur,male,Punjab,49,0,740,750,137,148,122,122,44,1,0,1,Yes
Application Fee Received,683,OPEN,male,Punjab,42,0,596,646,125,141,79,97,0,0,0,0,No
Application Fee Received,888,OPEN,male,Punjab,65,65,820,893,164,0,0,0,0,0,0,0,No
Application Fee Received,875,OPEN,female,Punjab,44,0,915,836,168,43,157,140,135,0,0,0,No
Application Fee Received,957,OPEN,male,Punjab,57,0,877,905,177,41,41,172,164,0,0,0,No
Application Fee Received,723,OPEN,male,Punjab,48,0,699,680,143,46,112,115,116,0,0,0,No
Application Fee Received,710,OPEN,male,Punjab,50,0,651,665,0,0,0,0,0,0,0,0,No
Admission Fee Challan Received,1027,OPEN,male,Punjab,72,0,959,960,181,183,171,46,185,1,0,1,Yes
Challan Printed,843,OPEN,male,Punjab,52,46,873,796,0,0,0,0,0,0,0,0,No
Admission Fee Challan Received,770,OPEN,male,Punjab,44,0,805,711,123,131,103,45,125,1,0,1,Yes
Application Fee Received,834,OPEN,male,Punjab,52,0,793,787,137,155,127,140,40,0,0,0,No
Application Fee Received,763,OPEN,male,Punjab,33,0,864,735,125,135,103,47,117,1,0,0,No
Application Fee Received,824,OPEN,female,Punjab,58,0,858,771,129,138,45,107,47,0,0,0,No
Admission Fee Challan Received,776,OPEN,male,Punjab,49,0,836,712,111,144,118,108,0,1,0,1,Yes
Admission Fee Challan Received,848,OPEN,male,Punjab,40,0,829,823,177,124,163,47,46,1,0,1,Yes
Application Fee Received,618,OPEN,male,Punjab,48,0,695,575,108,44,38,89,77,0,0,0,No
Admission Fee Challan Received,893,OPEN,male,Punjab,42,0,841,856,159,136,162,173,34,1,0,1,Yes
Application Fee Received,936,OPEN,male,Punjab,63,63,911,951,153,190,43,172,45,0,0,0,No
Application Fee Received,627,OPEN,male,Punjab,46,0,688,586,62,89,111,98,44,0,0,0,No
Admission Fee Challan Received,824,Bahawalpur,male,Punjab,50,0,648,779,144,136,140,40,172,1,0,1,Yes
Application Fee Received,907,OPEN,male,Punjab,62,0,917,850,0,0,0,0,0,1,0,1,Yes
Challan Printed,886,OPEN,male,Punjab,43,43,795,849,162,154,152,145,41,0,0,0,No
Application Fee Received,760,OPEN,male,Punjab,41,0,890,724,97,147,147,43,91,0,0,0,No
Admission Fee Challan Received,792,OPEN,male,Punjab,52,0,861,745,119,142,127,111,46,1,0,1,Yes
Admission Fee Challan Received,811,OPEN,female,Punjab,42,0,743,779,120,119,137,162,0,1,0,1,Yes
Application Fee Received,777,OPEN,male,Punjab,50,0,879,732,139,93,43,128,48,1,0,1,Yes
Application Fee Received,19,OPEN,male,Punjab,49,0,0,0,0,0,0,0,0,0,0,0,No
Application Fee Received,815,OPEN,male,Punjab,32,0,717,788,152,137,36,109,43,0,0,0,No
Admission Fee Challan Received,800,OPEN,male,Punjab,48,0,826,757,146,46,168,115,106,1,0,1,Yes
Challan Printed,540,OPEN,male,Punjab,0,0,621,545,61,82,101,38,43,0,0,0,No
Admission Fee Challan Received,873,OPEN,male,Punjab,44,0,793,834,145,49,41,156,147,1,0,1,Yes
Admission Fee Challan Received,754,OPEN,male,Punjab,44,0,618,715,149,42,37,140,113,1,0,1,Yes
Admission Fee Challan Received,956,OPEN,male,Punjab,42,0,929,899,172,159,167,45,47,1,0,1,Yes
Challan Printed,533,OPEN,male,Punjab,0,0,691,538,68,33,101,76,82,0,0,0,No
Application Fee Received,867,OPEN,male,Punjab,49,0,792,823,163,46,39,160,128,1,0,1,Yes
Admission Fee Challan Received,947,OPEN,male,Punjab,63,0,897,889,164,45,179,158,144,1,0,1,Yes
Application Fee Received,587,OPEN,male,Punjab,37,0,807,555,0,0,0,0,0,0,0,0,No
Application Fee Received,832,OPEN,male,Punjab,50,0,799,787,0,0,0,0,0,0,0,0,No
Application Fee Received,716,OPEN,male,Punjab,57,0,754,664,0,0,0,0,0,0,0,0,No
Application Fee Received,731,OPEN,male,Punjab,31,0,723,690,113,145,96,0,111,0,0,0,No
Admission Fee Challan Received,964,OPEN,male,Punjab,67,0,866,902,179,143,159,47,170,1,0,1,Yes
Admission Fee Challan Received,1024,OPEN,male,Punjab,71,0,955,958,187,150,180,48,185,1,0,1,Yes
Application Fee Received,641,OPEN,male,Punjab,50,0,719,596,73,114,77,113,47,1,0,0,No
Application Fee Received,689,OPEN,male,Punjab,39,0,685,635,0,0,0,0,0,0,0,0,No
Application Fee Received,638,OPEN,male,Punjab,40,0,713,603,0,0,0,0,0,0,0,0,No
Admission Fee Challan Received,961,OPEN,male,Punjab,64,64,909,906,0,0,0,0,0,1,0,1,Yes
Application Fee Received,641,OPEN,male,Punjab,42,0,734,604,121,104,39,106,43,0,0,0,No
Admission Fee Challan Received,895,OPEN,male,Punjab,51,0,759,854,0,0,0,0,0,1,0,1,Yes
Application Fee Received,646,OPEN,male,Punjab,36,0,657,615,0,0,0,0,0,0,0,0,No
Application Fee Received,713,OPEN,male,Punjab,44,0,651,654,0,0,0,0,0,0,0,0,No
Application Fee Received,673,OPEN,male,Punjab,51,0,872,627,101,121,101,76,46,0,0,0,No
Challan Printed,805,OPEN,male,Punjab,45,0,844,765,0,0,0,0,0,0,0,0,No
Application Fee Received,805,OPEN,male,Punjab,51,0,886,759,0,0,0,0,0,1,0,1,Yes
Application Fee Received,652,OPEN,male,Punjab,51,0,557,606,89,112,31,0,75,0,0,0,No
Application Fee Received,694,OPEN,male,Punjab,47,0,767,652,106,125,122,88,0,0,0,0,No
Application Fee Received,713,OPEN,female,Punjab,44,0,706,674,127,132,103,90,47,0,0,0,No
Admission Fee Challan Received,767,OPEN,male,Punjab,52,0,864,720,138,129,110,109,0,1,0,1,Yes
Application Fee Received,931,OPEN,male,Punjab,56,0,847,880,0,0,0,0,0,1,0,1,Yes
Application Fee Received,818,OPEN,male,Punjab,41,13,706,782,0,0,0,0,0,0,0,0,No
Application Fee Received,711,OPEN,male,Punjab,47,0,650,669,0,0,0,0,0,0,0,0,No
Challan Printed,737,OPEN,male,Punjab,47,0,662,700,102,123,132,0,150,0,0,0,No
Application Fee Received,790,OPEN,male,Punjab,47,0,799,748,0,0,0,0,0,0,0,0,No
Admission Fee Challan Received,788,OPEN,male,Punjab,51,0,919,727,98,37,149,44,107,1,0,1,Yes
Application Fee Received,821,OPEN,male,Punjab,37,0,663,789,167,100,45,161,42,0,0,0,No
Application Fee Received,843,OPEN,male,Punjab,53,0,639,795,133,144,43,137,40,0,0,0,No
Admission Fee Challan Received,897,OPEN,male,Punjab,69,0,781,833,148,46,163,162,145,1,0,1,Yes
Application Received,589,OPEN,male,Punjab,42,0,723,557,81,128,62,0,101,0,0,0,No
Admission Fee Challan Received,782,OPEN,male,Punjab,49,0,818,743,0,0,0,0,0,1,0,1,Yes
Application Fee Received,883,Bahawalpur,female,Punjab,56,0,785,842,124,179,43,147,44,0,0,0,No
Application Fee Received,759,OPEN,female,Punjab,47,0,742,717,135,102,131,126,43,0,0,0,No
Challan Printed,888,OPEN,female,Punjab,56,0,830,837,148,144,147,34,165,0,0,0,No
Application Fee Received,756,OPEN,male,Punjab,38,0,629,723,107,108,144,124,0,0,0,0,No
Application Fee Received,636,OPEN,male,Punjab,31,0,763,610,97,119,96,87,42,0,0,0,No
Application Fee Received,573,OPEN,male,Punjab,40,0,597,538,0,0,0,0,0,0,0,0,No
Application Fee Received,619,OPEN,male,Punjab,45,0,657,579,81,77,110,107,0,0,0,0,No
Application Fee Received,614,OPEN,male,Punjab,46,0,641,573,0,0,0,0,0,0,0,0,No
Application Fee Received,698,OPEN,male,Punjab,46,0,768,657,0,0,0,0,0,0,0,0,No
Application Fee Received,546,OPEN,male,Punjab,51,0,603,500,60,78,38,80,33,1,0,0,No
Admission Fee Challan Received,838,OPEN,male,Punjab,43,12,620,800,141,159,150,41,125,1,0,1,Yes
Application Fee Received,638,OPEN,male,Punjab,50,0,834,593,83,93,84,139,0,0,0,0,No
Application Fee Received,794,OPEN,male,Punjab,43,0,837,756,0,0,0,0,0,1,0,1,Yes
Application Fee Received,705,OPEN,female,Punjab,28,0,722,682,109,120,109,128,0,0,0,0,No
Challan Printed,550,OPEN,male,Punjab,35,0,584,520,76,41,37,74,92,0,0,0,No
Application Fee Received,721,OPEN,male,Punjab,54,0,809,672,0,0,0,0,0,0,0,0,No
Application Fee Received,953,OPEN,male,Punjab,71,0,880,887,174,162,132,162,48,0,0,0,No
Admission Fee Challan Received,886,OPEN,male,Punjab,45,0,634,846,142,153,168,32,153,1,0,1,Yes
Challan Printed,720,OPEN,male,Punjab,51,0,786,674,109,106,120,46,112,0,0,0,No
Application Fee Received,691,OPEN,male,Punjab,44,0,624,652,0,0,0,0,0,0,0,0,No
Application Fee Received,612,OPEN,male,Punjab,38,0,695,594,77,105,103,105,34,0,0,0,No
Application Fee Received,893,OPEN,male,Punjab,52,0,928,846,153,166,131,159,0,0,0,0,No
Admission Fee Challan Received,815,OPEN,male,Punjab,54,0,817,766,141,157,126,48,39,1,0,1,Yes
Application Fee Received,738,OPEN,male,Punjab,38,0,697,705,104,99,129,41,45,0,0,0,No
Admission Fee Challan Received,801,OPEN,male,Punjab,43,0,784,763,135,142,133,129,0,1,0,1,Yes
Application Fee Received,795,OPEN,male,Punjab,43,0,714,757,136,45,157,103,46,1,0,1,Yes
Application Fee Received,602,OPEN,male,Punjab,37,0,592,570,88,81,81,105,0,0,0,0,No
Admission Fee Challan Received,861,OPEN,male,Punjab,70,0,887,796,157,127,112,148,0,1,0,1,Yes
Application Fee Received,607,OPEN,male,Punjab,47,0,811,565,98,106,40,74,45,0,0,0,No
Application Fee Received,799,OPEN,male,Punjab,32,0,908,752,126,130,146,103,0,0,0,0,No
Application Fee Received,757,OPEN,male,Punjab,48,0,834,714,147,39,116,118,113,0,0,0,No
Application Fee Received,582,OPEN,male,Punjab,63,0,595,504,118,82,36,99,39,0,0,0,No
Application Fee Received,760,OPEN,female,Punjab,45,0,631,720,124,83,152,37,143,0,0,0,No
Application Fee Received,668,OPEN,male,Punjab,42,0,631,631,89,110,121,44,47,0,0,0,No
Admission Fee Challan Printed,653,OPEN,male,Punjab,28,0,785,630,0,0,0,0,0,0,0,0,No
Application Fee Received,710,OPEN,male,Punjab,43,0,683,672,114,111,114,113,45,0,0,0,No
Challan Printed,1000,OPEN,male,Punjab,80,80,891,941,0,0,0,0,0,0,0,0,No
Application Fee Received,803,OPEN,female,Punjab,45,0,730,763,131,134,133,123,0,1,0,0,No
Application Fee Received,714,OPEN,male,Punjab,48,0,717,671,110,110,126,37,125,0,0,0,No
Admission Fee Challan Printed,817,OPEN,male,Punjab,69,0,873,753,0,0,0,0,0,1,0,1,Yes
Admission Fee Challan Received,0,OPEN,male,Punjab,45,0,750,737,133,125,145,46,48,1,0,1,Yes
Admission Fee Challan Received,748,OPEN,male,Punjab,56,0,747,697,121,116,124,44,116,1,0,1,Yes
Application Fee Received,686,OPEN,male,Punjab,48,0,584,643,124,103,93,0,119,0,0,0,No
Challan Printed,810,OPEN,male,Punjab,49,0,760,746,0,0,0,0,0,0,0,0,No
Application Fee Received,841,OPEN,male,Punjab,50,0,791,796,152,150,136,37,156,1,0,1,Yes
Admission Fee Challan Received,815,OPEN,male,Punjab,44,0,745,776,132,121,165,44,133,1,0,1,Yes
Admission Fee Challan Received,952,OPEN,male,Punjab,68,0,953,889,143,162,152,47,175,1,0,1,Yes
Application Fee Received,678,OPEN,male,Punjab,49,0,640,634,87,113,44,119,36,1,0,0,No
Challan Printed,772,OPEN,male,Punjab,43,0,853,734,127,115,152,0,45,0,0,0,No
Application Fee Received,649,OPEN,male,Punjab,42,0,640,612,106,75,0,0,0,0,0,0,No
Application Fee Received,673,OPEN,male,Punjab,54,0,610,604,75,98,121,87,0,0,0,0,No
Application Fee Received,724,OPEN,male,Punjab,50,0,832,679,116,125,111,121,0,0,0,0,No
Admission Fee Challan Received,941,OPEN,male,Punjab,70,0,933,876,160,158,148,168,0,1,0,1,Yes
Admission Fee Challan Received,744,OPEN,male,Punjab,50,0,829,699,103,121,120,130,48,1,0,1,Yes
Application Fee Received,939,OPEN,male,Punjab,52,0,845,892,161,171,144,43,152,1,0,1,Yes
Application Fee Received,708,OPEN,female,Punjab,43,0,639,670,124,110,100,133,0,0,0,0,No
Admission Fee Challan Received,767,OPEN,male,Punjab,41,0,662,731,136,141,134,96,44,1,0,1,Yes
Application Fee Received,829,OPEN,male,Punjab,42,0,714,772,119,155,132,139,44,0,0,0,No
Application Fee Received,726,OPEN,male,Punjab,44,0,727,687,133,127,104,103,0,0,0,0,No
Application Fee Received,786,OPEN,male,Punjab,45,0,861,746,129,108,141,44,37,0,0,0,No
Admission Fee Challan Received,800,OPEN,male,Punjab,55,0,655,750,140,130,115,45,46,1,0,1,Yes
Admission Fee Challan Received,985,OPEN,male,Punjab,63,0,860,927,158,176,177,48,171,1,0,0,No
Application Fee Received,646,OPEN,male,Punjab,25,0,682,606,0,0,0,0,0,0,0,0,No
Admission Fee Challan Received,880,OPEN,male,Punjab,43,0,819,842,158,46,45,154,126,1,0,1,Yes
Challan Printed,642,OPEN,male,Punjab,0,0,829,647,0,0,0,0,0,0,0,0,No
Challan Printed,911,OPEN,male,Punjab,61,0,922,860,165,147,133,165,0,0,0,0,No
Application Fee Received,860,OPEN,male,Punjab,54,0,801,811,149,44,34,143,139,0,0,0,No
Admission Fee Challan Received,788,OPEN,male,Punjab,43,0,644,750,128,129,138,115,44,1,0,1,Yes
Admission Fee Challan Received,753,OPEN,male,Punjab,53,0,741,705,106,39,39,110,120,1,0,1,Yes
Application Fee Received,703,OPEN,male,Punjab,57,0,748,651,44,127,22,98,140,1,0,0,No
Application Fee Received,804,OPEN,male,Punjab,41,0,811,768,136,138,140,45,41,0,0,0,No
Challan Printed,891,OPEN,male,Punjab,55,0,984,841,170,158,46,132,40,0,0,0,No
Application Fee Received,912,OPEN,male,Punjab,46,0,900,871,172,170,173,145,44,1,0,1,Yes
Challan Printed,744,OPEN,male,Punjab,43,0,809,706,0,0,0,0,0,0,0,0,No
Admission Fee Challan Received,958,OPEN,male,Punjab,53,0,899,910,0,0,0,0,0,1,0,1,Yes
Application Fee Received,720,OPEN,male,Punjab,28,0,764,697,108,123,138,0,139,0,0,0,No
Application Fee Received,862,OPEN,male,Punjab,51,0,865,816,165,133,126,144,43,0,0,0,No
Application Fee Received,867,OPEN,female,Punjab,46,0,834,826,0,0,0,0,0,0,0,0,No
Application Fee Received,747,OPEN,male,Punjab,37,0,675,715,100,134,122,43,141,0,0,0,No
Application Fee Received,596,OPEN,male,Punjab,43,0,577,558,125,85,71,40,92,0,0,0,No
Application Fee Received,651,OPEN,female,Punjab,41,0,585,615,41,96,25,155,75,0,0,0,No
Application Fee Received,805,OPEN,female,Punjab,53,0,852,757,150,159,137,131,35,0,0,0,No
Admission Fee Challan Received,1017,OPEN,male,Punjab,86,86,907,957,161,188,193,163,46,1,0,1,Yes
Application Fee Received,625,OPEN,male,Punjab,53,0,925,557,108,0,0,0,0,0,0,0,No
Admission Fee Challan Received,838,OPEN,male,Punjab,41,0,775,802,153,147,162,151,0,1,0,1,Yes
Application Fee Received,857,OPEN,male,Punjab,44,44,933,862,0,0,0,0,0,0,0,0,No
Application Fee Received,697,OPEN,female,Punjab,46,0,694,656,101,111,118,141,0,0,0,0,No
Application Fee Received,914,OPEN,male,Punjab,65,0,869,854,133,161,174,48,149,1,0,1,Yes
Challan Printed,784,Bahawalpur,male,Punjab,58,24,693,731,137,146,126,36,38,0,0,0,No
Admission Fee Challan Received,811,OPEN,male,Punjab,44,16,887,772,124,140,141,36,147,1,0,1,Yes
Application Fee Received,733,OPEN,male,Punjab,43,0,788,700,125,0,0,0,0,1,0,0,No
Application Fee Received,903,OPEN,male,Punjab,48,28,836,860,168,156,146,147,0,0,0,0,No
Application Fee Received,723,OPEN,male,Punjab,38,26,644,690,112,142,102,36,121,0,0,0,No
Application Fee Received,785,OPEN,male,Punjab,34,0,678,756,139,145,119,40,41,0,0,0,No
Application Fee Received,634,OPEN,male,Punjab,41,0,701,598,90,97,102,135,93,0,0,0,No
Application Fee Received,757,OPEN,male,Punjab,48,0,925,714,137,114,47,115,45,0,0,0,No
Application Fee Received,901,OPEN,male,Punjab,54,0,824,852,159,150,165,45,142,1,0,1,Yes
Application Fee Received,888,OPEN,female,Punjab,46,38,886,847,0,0,0,0,0,0,0,0,No
Admission Fee Challan Received,775,OPEN,female,Punjab,53,0,774,727,146,137,108,48,101,1,0,1,Yes
Application Fee Received,813,OPEN,male,Punjab,42,0,872,776,141,141,141,107,0,1,0,1,Yes
Application Fee Received,592,OPEN,male,Punjab,51,0,624,561,106,55,85,105,0,0,0,0,No
Application Fee Received,887,OPEN,male,Punjab,38,0,612,854,140,44,44,175,155,0,0,0,No
Application Fee Received,724,OPEN,male,Punjab,44,0,714,665,96,139,135,31,84,0,0,0,No
Application Fee Received,883,OPEN,male,Punjab,49,0,805,839,154,0,166,0,144,0,0,0,No
Challan Printed,798,OPEN,male,Punjab,54,0,866,749,0,0,0,0,0,0,0,0,No
Application Fee Received,747,OPEN,male,Punjab,43,0,847,689,98,152,132,111,0,0,0,0,No
Challan Printed,867,OPEN,male,Punjab,48,0,795,824,0,0,0,0,0,0,0,0,No
Application Fee Received,835,OPEN,male,Punjab,37,0,845,803,155,153,151,108,43,0,0,0,No
Application Fee Received,729,OPEN,male,Punjab,42,0,765,692,116,34,134,122,129,0,0,0,No
Application Fee Received,643,OPEN,male,Punjab,30,0,647,598,113,102,44,142,35,0,0,0,No
Application Fee Received,806,OPEN,male,Punjab,53,0,805,738,119,130,114,129,45,1,0,1,Yes
Application Fee Received,920,OPEN,female,Punjab,64,0,946,861,159,149,44,161,47,0,0,0,No
Application Fee Received,603,Bahawalpur,female,Punjab,40,0,678,568,0,0,0,0,0,1,0,0,No
Challan Printed,890,OPEN,male,Baluchistan,57,0,771,838,0,0,0,0,0,0,0,0,No
Application Fee Received,714,OPEN,male,Punjab,41,0,771,678,118,111,47,92,47,0,0,0,No
Challan Printed,771,OPEN,male,Baluchistan,0,0,729,776,156,40,35,92,116,0,0,0,No
Application Received,707,OPEN,male,Baluchistan,0,0,692,712,142,100,107,42,161,0,0,0,No
Application Fee Received,672,OPEN,male,Baluchistan,46,0,797,631,0,0,0,0,0,0,0,0,No
Challan Printed,721,OPEN,male,Baluchistan,49,0,861,682,0,0,0,0,0,0,0,0,No
Challan Printed,680,OPEN,male,Baluchistan,0,0,642,685,160,85,128,117,20,0,0,0,No
Admission Fee Challan Received,734,OPEN,male,Baluchistan,0,0,501,689,159,108,120,82,0,1,0,0,No
Challan Printed,827.435,OPEN,male,Gilgit-Baltistan,50,0,500,782,0,0,0,0,0,0,0,0,No
Application Received,586,OPEN,male,Gilgit-Baltistan,0,0,752,591,96,124,92,84,40,0,0,0,No
Admission Fee Challan Received,720,OPEN,male,Gilgit-Baltistan,0,0,654,680,128,120,99,132,0,1,0,0,No
